Brand,Model,Description,RRP incl GST,RRP ex GST,Trade Pricing ex GST
Yamaha,AD-CG-B-NS ,"Yamaha ADECIA Ceiling Bundle (Black): RM Ceiling Microphone - Black, RM Audio",10465,9100,7000
Yamaha,AD-CG-W-NS,"Yamaha ADECIA Ceiling Bundle (White): RM Ceiling Microphone - White, RM",10465,9100,7000
Yamaha,AD-CG-BB,"Yamaha ADECIA Ceiling Bundle (Black/Black): RM Ceiling Microphone - Black, RM",14975,13021.74,10016.73
Yamaha,AD-CG-BW,"Yamaha ADECIA Ceiling Bundle (Black/White): RM Ceiling Microphone - Black, RM",14975,13021.74,10016.73
Yamaha,AD-CG-WW,Yamaha ADECIA Ceiling Bundle (White/White): RM Ceiling Microphone - White,14975,13021.74,10016.73
Yamaha,AD-CG-WB,Yamaha ADECIA Ceiling Bundle (White/Black): RM Ceiling Microphone - White,14975,13021.74,10016.73
Yamaha,AD-CG-BB-EF,"Yamaha ADECIA Ceiling Bundle (Black/Black): RM Ceiling Microphone - Black, RM",12480,10852.17,8347.73
Yamaha,AD-CG-BW-EF,"Yamaha ADECIA Ceiling Bundle (Black/White): RM Ceiling Microphone - Black, RM",12480,10852.17,8347.73
Yamaha,AD-CG-WW-EF,Yamaha ADECIA Ceiling Bundle (White/White): RM Ceiling Microphone - White,12480,10852.17,8347.73
Yamaha,AD-CG-WB-EF,Yamaha ADECIA Ceiling Bundle (White/Black): RM Ceiling Microphone - White,12480,10852.17,8347.73
Yamaha,RM-CG-B,Yamaha RM Ceiling Array Microphone - Black,4595,3995.65,3675.59
Yamaha,RM-CG-W,Yamaha RM Ceiling Array Microphone - White,4595,3995.65,3675.59
Yamaha,RM-TT-B,Yamaha RM Table-Top Microphone - Black,1295,1126.09,866.22
Yamaha,RM-TT-W,Yamaha RM Table-Top Microphone - White,1295,1126.09,866.22
Yamaha,RM-CR,Yamaha RM Audio Processor,2475,2152.17,1655.52
Yamaha,RM-MTL,Yamaha ADECIA Mounting accessory for AD-CR - under table mounting accessory,195,169.57,130.43
Yamaha,RM-MRK,Yamaha ADECIA Mounting accessory for AD-CR - rack mount accessory,195,169.57,130.43
Yamaha,RM-WAP-8 WHITE,Yamaha 8 Channel Wireless Access Point - Access point for 1.9 GHz band wireless microphone system - Dante audio/control reception and PoE power,5299,4607.83,3544.48
Yamaha,RM-WAP-16 WHITE,Yamaha 16 Channel Wireless Access Point - Access point for 1.9 GHz band wireless microphone system - Dante audio/control reception and PoE power,8199,7129.57,5484.28
Yamaha,RM-WCH-8,Yamaha Microphone Charging Station - 8 Wy Microphone charger for wireless systems using 1.9 GHz band - Charge time 5 hours to full charge,1749,1520.87,1169.9
Yamaha,RM-WBT,"Yamaha Replacement battery for RM-WDR, RM-WOM, RM-WGL & RM-WGS",79.95,69.52,53.48
Yamaha,RM-WGL / WGS,Yamaha Wireless 12/6 inch Gooseneck Microphone (ea) - Wireless microphones using 1.9 GHz band - Available form factors: 15 cm (WGS) or 30 cm (WGL) Gooseneck - Proprietary charging and USB-C charging port. 20 Hrs use.,1395,1213.04,933.11
Yamaha,RM-WDR,Yamaha Wireless Directional Tabletop Microphone - Wireless microphones using 1.9 GHz band - Proprietary charging and USB-C charging port. 20 Hrs use.,1195,1039.13,799.33
Yamaha,RM-WOM,Yamaha Wireless Omnidirectional Tabletop Microphone - Wireless microphones using 1.9 GHz band - Proprietary charging and USB-C charging port. 20 Hrs use.,1195,1039.13,799.33
Yamaha,CTL-BN1,Yamaha Button controller for ADECIA microphones and external devices - Utilize as a mute button for ADECIA microphones - Use as a group mute for mics or a preset recall button for RM-CR,POA,POA,POA
Yamaha,YVC-200B,Yamaha YVC-200 Portable USB Speakerphone (Black),395,343.48,264.21
Yamaha,YVC-200W,Yamaha YVC-200 Portable USB Speakerphone (White),395,343.48,264.21
Yamaha,YVC-330,Yamaha YVC-200 Portable USB Speakerphone (White),715,621.74,478.26
Yamaha,YCBL-DC3M,Yamaha YVC330 Daisy Chain Cable. Allows two YVC330s to be connected,135,117.39,90.3
Yamaha,YVC1000,Yamaha Unified Communications Wired Microphone & Speaker System,2255,1960.87,1508.36
Yamaha,YVC-MIC1000EX,Yamaha YVC-1000 Omnidirectional Extension Microphone,605,526.09,404.68
Yamaha,CS-800,Yamaha CS-800 Video Sound Bar for Huddle Rooms,899,781.73,555.41
Yamaha,CS-500,Yamaha CS-500 Video Conference System for Huddle Spaces,299,260.00,184.72
Yamaha,BRK-TV1,Yamaha VESA compatible mounting solution for CS-800/CS-500,279,242.61,186.62
Yamaha,BRK-WL1,Yamaha Wall mount Bracket for CS-500,119,103.48,79.6
Yamaha,K-CABLE-10,Yamaha Ultra Hi-Spec Long USB Cable 10 m for CS-800/CS-500 (type A to C),829,720.87,554.52
Yamaha,K-CABLE-25,Yamaha Ultra Hi-Spec Long USB Cable 25 m for CS-800/CS-500 (type A to C),1659,1442.61,1109.7
On-Stage,WHA4500,"Adapter On-Stage 1/8"" to 1/4""",5.95,5.173913043,3.67
On-Stage,IC10,Cable Istrument On-Stage 10FT,14.95,13,9.23
On-Stage,IC20,Cable Istrument On-Stage 20FT,19.95,17.34782609,12.31
On-Stage,MC1210,Cable Mic On-Stage XLR-XLR 10FT,14.95,13,9.23
On-Stage,MC1225,Cable Mic On-Stage XLR-XLR 25FT,27,23.47826087,16.66
On-Stage,MC1250,Cable Mic On-Stage XLR-XLR 50FT,44.95,39.08695652,27.74
On-Stage,SNK124100V2,Stage Snake On-Stage 100' 12-Channel 4RT,669,581.7391304,412.89
On-Stage,SNK164100V2,Stage Snake On-Stage 100' 16-Channel 4RT,799,694.7826087,493.12
On-Stage,SNK204100V2,Stage Snake On-Stage 100' 20-Channel 4RT,999,868.6956522,616.56
On-Stage,SNK244100V2,Stage Snake On-Stage 100' 24-Channel 4RT,1149,999.1304348,709.13
On-Stage,SNK84100V2,Stage Snake On-Stage 100' 8 Channel 4RT,499,433.9130435,307.97
On-Stage,SNK12450V2,Stage Snake On-Stage 50' 12-Channel 4RT,449,390.4347826,277.11
On-Stage,SNK8450V2,Stage Snake On-Stage 50' 8 Channel 4RT,369,320.8695652,227.74
On-Stage,GS7561,Stand Guitar On-Stage 5 Space Foldable Rack,135,117.3913043,83.32
On-Stage,GS7221BD,Stand Guitar On-Stage Double,49,42.60869565,30.24
On-Stage,GS8100,Stand Guitar On-Stage Hang-it Progrip,79,68.69565217,48.76
On-Stage,GS8130,Wall Hanger Guitar On-Stage Locking,26.95,23.43478261,16.63
On-Stage,GS7640,Wall Hanger Guitar On-Stage Round Metal Base,24.95,21.69565217,15.4
On-Stage,GS7730,Wall Hanger Guitar On-Stage Wooden,24.95,21.69565217,15.4
On-Stage,HH7000,Headphone Hanger On-Stage,69,60,42.59
On-Stage,RS7705,Stand Amp On-Stage Pro Tilt-Back,119,103.4782609,73.44
On-Stage,RS7000,Stand Amp On-Stage Tilt-Back,74.95,65.17391304,46.26
On-Stage,RS7500,Stand Amp On-Stage Tilt-Back Tripod,59.95,52.13043478,37
On-Stage,KT7800,Bench Keyboard On-Stage 3 Position X-Style,79.95,69.52173913,49.34
On-Stage,KT7800PLUS,Bench Keyboard On-Stage Deluxe X-Style,109.95,95.60869565,67.86
On-Stage,KS7350,Stand Keyboard Folding Adjustable ZED Frame,189.95,165.173913,117.24
On-Stage,KS8291XX,Stand Keyboard On-Stage Double X ERGO-LOK,159,138.2608696,98.13
On-Stage,KS8191XX,Stand Keyboard On-Stage Double X Lok-Tight,99,86.08695652,61.1
On-Stage,KS7150,Stand Keyboard On-Stage Platform Style,165,143.4782609,101.83
On-Stage,KS7190,Stand Keyboard On-Stage Single X,49.95,43.43478261,30.83
On-Stage,KSA7500,Stand Keyboard On-Stage Universal Second Tier,74.95,65.17391304,46.26
On-Stage,GWS5000B,Stand Workstation Black,359.95,313,222.17
On-Stage,GWS5000RB,Stand Workstation Onstage Rosewood,359.95,313,222.17
On-Stage,LS7720BLT,Stand Lighting On-Stage with Side Bars,199,173.0434783,122.82
On-Stage,LS7730,Stand Lighting On-Stage with Truss,399,346.9565217,246.25
On-Stage,SSA21,"Adapter Subwoofer On-Stage M20 to 1 3/8""",24.95,21.69565217,15.4
On-Stage,SS7745,Pole Subwoofer On-Stage Adjustable,29.95,26.04347826,18.48
On-Stage,SS7746,Pole Subwoofer On-Stage M20 Thread,39.95,34.73913043,24.66
On-Stage,SS7322B,Speaker Brackets On-Stage Adj Wall Mount Pair,119,103.4782609,73.44
On-Stage,SS7323B,Speaker Brackets On-Stage Wall Mount Pair,129,112.173913,79.62
On-Stage,SS7764B,Stand Speaker On-Stage Air-Lift,135,117.3913043,83.32
On-Stage,SS7730B,Stand Speaker On-Stage Classic,79,68.69565217,48.76
On-Stage,SSP7950,Stand Speaker On-Stage Pair with Bag,239,207.826087,147.5
On-Stage,SS8800B,Stand Speaker On-Stage Power Crank Up,239,207.826087,147.5
On-Stage,UTC2200,Utility Cart On-Stage,319,277.3913043,196.88
On-Stage,MSB6000,Bag Mic Stand On-Stage Holds 6 Mic Stands,34.95,30.39130435,21.57
On-Stage,DJM618,Mic Gooseneck On-Stage,115,100,70.98
On-Stage,SP58,Mic Grille On-Stage Steel Mesh,11.95,10.39130435,7.38
On-Stage,MY120,Microphone Clip On-Stage Rubber Condenser,7.95,6.913043478,4.91
On-Stage,MY100,Microphone Clip On-Stage Rubber Dynamic,7.95,6.913043478,4.91
On-Stage,MY110,Microphone Clip On-Stage Rubber Wireless,7.95,6.913043478,4.91
On-Stage,MY325,Microphone Clip On-Stage Shock-Mount Dyn,9.95,8.652173913,6.14
On-Stage,DM50,Drum Mic Clip On-Stage,34.95,30.39130435,21.57
On-Stage,ASWS58B5,Microphone Windscreen On-Stage 5Pack Black,13.95,12.13043478,8.61
On-Stage,ASWS58C5,Microphone Windscreen On-Stage 5Pack Colour,13.95,12.13043478,8.61
On-Stage,ASVS6B,"Pop Blocker On-Stage 6""",29.95,26.04347826,18.48
On-Stage,ASVS6GB,Pop Blocker On-Stage w/ Clamp and Gooseneck,49.95,43.43478261,30.83
On-Stage,MY410,Shock Mount On-Stage Studio Mics 42-48mm,44.95,39.08695652,27.74
On-Stage,MY440,Shock Mount On-Stage Studio Mics 48-54mm,44.95,39.08695652,27.74
On-Stage,ASMS4730,Isolation Shield On-Stage,219,190.4347826,135.16
On-Stage,MY500,Stereo Mic Bar On-Stage,19.95,17.34782609,12.31
On-Stage,MY700,Stereo Mic Bar On-Stage Deluxe 6 Way,39.95,34.73913043,24.66
On-Stage,DS7200B,Stand Mic On-Stage Adjustable- M Pic,27.95,24.30434783,17.25
On-Stage,MS7920B,Stand Mic On-Stage Bass Drum/Boom Combo,69,60,42.59
On-Stage,MBS9500,Stand Mic On-Stage Broadcast Boom Arm,149.95,130.3913043,92.55
On-Stage,MBS5000,Stand Mic On-Stage Broadcast Boom Arm,99.95,86.91304348,61.69
On-Stage,DS300B,Stand Mic On-Stage Desktop Adjustable,39.95,34.73913043,24.66
On-Stage,MS7411TB,Stand Mic On-Stage Drum/Amp Tripod Tele Boom,75,65.2173913,46.29
On-Stage,MS7500,"Stand Mic On-Stage Pack Mic, Stand, Cable",79,68.69565217,48.76
On-Stage,SMS7650,Stand Mic On-Stage Studio Boom Hex Base,395,343.4782609,243.78
On-Stage,MS7701B,Stand Microphone On-Stage Euro Boom,64.95,56.47826087,40.09
On-Stage,MS7801W,Stand Microphone On-Stage Euro Boom White,74.95,65.17391304,46.26
On-Stage,MS9701TB,Stand Microphone On-Stage H/Duty Tele-Boom,119,103.4782609,73.44
On-Stage,MS7255PG,Stand Microphone On-Stage ProGrip,79,68.69565217,48.76
On-Stage,MS7201B,Stand Microphone On-Stage Round Base,49.95,43.43478261,30.83
On-Stage,MS7201QTR,Stand Microphone On-Stage Round Base,89,77.39130435,54.93
On-Stage,MS7701TB,Stand Microphone On-Stage Telescoping Boom,74.95,65.17391304,46.26
On-Stage,KDA7061B,Dust Cover Keyboard On-Stage 61 and 76 Key,34.95,30.39130435,21.57
On-Stage,KDA7088B,Dust Cover Keyboard On-Stage 88-Key,39.95,34.73913043,24.66
On-Stage,MDA7016,Dust Cover Mixer On-Stage 16 - 24 Channel,29.95,26.04347826,18.49
On-Stage,MDA7032,Dust Cover Mixer On-Stage 32 - 48 Channel,39.95,34.73913043,24.68
On-Stage,LED204,Orchestra Light Clip-On LED,29.95,26.04347826,18.49
On-Stage,LED2224,Orchestra Light Onstage Clip-On LED,57.95,50.39130435,35.77
On-Stage,LED510,Orchestra Light On-Stage Clip-On LED,64.95,56.47826087,40.09
On-Stage,LED518,Orchestra Light On-Stage USB-Rechargeable,85,73.91304348,52.46
On-Stage,SM7212B,Stand Music On-Stage,99,86.08695652,61.1
On-Stage,SM7711B,Stand Music Onstage Orchestra,99,86.08695652,61.1
On-Stage,SMC5000,Stand Cart On-Stage for SM7711B (10 Stands),265,230.4347826,163.55
On-Stage,SMS6000P,Stand Studio Monitor On-Stage Pair,159,138.2608696,98.13
On-Stage,SMS7500RB,Stand Studio Monitor On-Stage Rosewood Pair,229,199.1304348,141.33
On-Stage,SMS7500B,Stand Studio Monitor On-Stage Wood Blk Pair,229,199.1304348,141.33
On-Stage,CM01,Adapter Camera On-Stage Camera/Dig Recorder,17.95,15.60869565,11.08
On-Stage,MBP7000,Boom Pole On-Stage Handheld,49.95,43.43478261,30.83
On-Stage,CM03,Camera Mount On-Stage w/Shoe Mount,19.95,17.34782609,12.31
On-Stage,TCM1500,Tablet Smartphone Holder On-Stage,49.95,43.43478261,30.83
On-Stage,LPT5000,Stand Laptop On-Stage,39.95,34.73913043,24.66
On-Stage,LPT6000,Stand Laptop On-Stage Multipurpose,74.95,65.17391304,46.26
RIVAGE I/O,RPi0622,"RPi0622 I/O expansion interface offering 6 × 16 channel analogue RY card slots or digital I/O, 2 × HY card slots for up to 256 ins/outs of digital audio, 2 × mini-YGDAI slots and dual redundant power supply",30415,26447.82609,20344.48
RIVAGE I/O,RPi0222,"RPi0222 I/O expansion interface with 2 × 16 channel analogue RY card slots or digital I/O, 2 × HY card slots for up to 256 ins/outs of digital audio, 2 × mini-YGDAI slots and dual redundant power supply",16155,14047.82609,10806.02
RIVAGE I/O,RY16-ML-SILK,SILK Audio Interface Card Rupert Neve Mic Preamps 96kHz,8625,7500,5769.23
RIVAGE I/O,RY16-AE,AES/EBU 16-channel digital inputs and outputs all with SRC 96kHz,4305,3743.478261,2879.6
RIVAGE I/O,RY16-DA,Output card with 16 analogue outputs 96kHz,4305,3743.478261,2879.6
REMOTE I/O,RIO3224-D2,"High-capacity, high-performance I/O rack compatible with Yamaha CL and QL series consoles as well as RIVAGE PM series. 32 analogue inputs, 16 analogue outs + 8 × AES/EBU outputs. Dual power supply and character/graphic display",15165,13186.95652,10143.81
REMOTE I/O,RIO1608-D2,"High-performance I/O rack 16 analogue inputs and 8 analogue outputs, compatible with Yamaha CL and QL series consoles as well as RIVAGE PM series. Dual power supply and character/graphic display",9155,7960.869565,6123.75
TWIN-LANe Interface Card,HY256-TL,"256 input + output chs @ 96 kHz/32-bit multi-mode 300m fibre redundant ring topology, Neutrik opticalCON DUO connectors",8625,7500,5769.23
TWIN-LANe Interface Card,HY256TL-SMF,"256 input + output chs @ 96 kHz/32-bit single-mode 2.0km fibre redundant ring topology, Neutrik opticalCON DUO connectors",11495,9995.652174,7688.96
TWIN-LANe Interface Card,HY144-D,"High density Dante network card digital audio signals of 32-bit 96 kHz quality, 144 inputs/144 outputs, Neutrik EtherCon connectors",6585,5726.086957,4404.68
TWIN-LANe Interface Card,HY144-D-SRC,"High density Dante network card digital audio signals of 32-bit 96 kHz quality, 144 inputs/144 outputs with onboard Sample Rate Conversion",10615,9230.434783,7100.33
TWIN-LANe Interface Card,HY128-MD,"High density MADI interface card, 128 input and 128 output channels of uncompressed 48 kHz/24-bit audio, optical and coaxial connectors",10615,9230.434783,7100.33
DIGITAL MIXERS,DM3,"New Dante-equipped digital mixer with 16 mono + 1 stereo + 2 FX return i/ps, 8 x XLR outputs, 16+16 Dante Chs 18 xUSB inputs, outputs, 48kHz/96kHz 9 inch multi-touchscreen bundled with VST Rack Software",4595,3995.652174,3073.58
DIGITAL MIXERS,DM3-S,"Digital mixer with 16 mono + 1 stereo + 2 FX return i/ps, 8 x XLR outputs, 18 xUSB inputs, outputs, 48kHz/96kHz 9 inch multi-touchscreen bundled with VST Rack Software",3795,3300,2538.46
DIGITAL MIXERS,TF5,"32 mic/line + 2 stereo line inputs max 48 input mix channels, 33 motor faders 8 mono + 6 stereo auxes, 8 DCAs 34 x 34 digital record/playback channels via USB Now bundled with Nuendo Live software",7565,6578.26087,5060.2
DIGITAL MIXERS,TF3,"24 mic/line + 2 stereo line inputs max 48 input mix channels, 25 motor faders 8 mono + 6 stereo auxes, 8 DCAs 34 x 34 digital record/playback channels via USB Now bundled with Nuendo Live software",6325,5500,4230.77
DIGITAL MIXERS,TF1,"16 mic/line + 2 stereo line inputs max 40 input mix channels, 17 motor faders 8 mono + 6 stereo auxes, 8 DCAs 34 x 34 digital record/playback tracks via USB 2.0. Rack-Mountable with RK1",5325,4630.434783,3561.87
DIGITAL MIXERS,TFRACK,"16 mic/line + 1 stereo line input, 16-output. Intuitive and smooth all-in-one rack-style digital mixer. Bundled with Nuendo Live software",4245,3691.304348,2839.46
MIXER ACCESSORIES,NY64-D,Dante expansion card for TF series consoles 64 in/64 out,995,865.2173913,665.55
MIXER ACCESSORIES,TIO1608-D2,"Remote I/O for use with TF or R-Remote software with 16 XLR mic preamps, 8 analogue XLR outputs & Dante connectivity 48 and 96kHz operation",3149,2738.26087,2106.35
MIXER ACCESSORIES,RK-DM3,Rack mount kit for DM3 and DM3 Standard,115,100,70.98
MIXER ACCESSORIES,RK5014,"Rack mount kit for TF1, EMX5014C",145,126.0869565,89.5
ANALOGUE MIXERS,MGP32X,"32-Channel Premium Mixing Console with 24 x Mic Inputs, 32 x Line Inputs, 6 AUX Sends + 2 FX Sends, 4 x Group Buses, 2 x Matrix + ST and Mono Bus",3665,3186.956522,2262.11
ANALOGUE MIXERS,MGP24X,"24-Channel Premium Mixing Console with 16 x Mic Inputs, 24 x Line Inputs, 6 AUX Sends + 2 FX Sends, 4 x Group Buses, 2 x Matrix + ST and Mono Bus",3195,2778.26087,1972.02
ANALOGUE MIXERS,MG20XU,"Mixer with 20 D-Pre Inputs, USB and Effects",1775,1543.478261,1095.56
ANALOGUE MIXERS,MG20,Mixer with 20 D-Pre Inputs,1625,1413.043478,1002.98
ANALOGUE MIXERS,MG16XU,"Mixer with 16 D-Pre Inputs, USB and Effects",1275,1108.695652,786.95
ANALOGUE MIXERS,MG16,Mixer with 16 D-Pre Inputs,1150,1000,709.8
ANALOGUE MIXERS,MG12XU,"Mixer with 12 D-Pre Inputs, USB and Effects & Linear Faders",945,821.7391304,583.27
ANALOGUE MIXERS,MG12,Mixer with 12 D-Pre Inputs & Linear Faders,825,717.3913043,509.21
ANALOGUE MIXERS,MG12XUK,"Mixer with 12 D-Pre Inputs, USB and Effects with Rotary Knobs",715,621.7391304,441.31
ANALOGUE MIXERS,MG10XUF,"Mixer with 10 D-Pre Inputs, USB and Effects with Linear Faders",715,621.7391304,441.31
ANALOGUE MIXERS,MG10XU,"Mixer with 10 D-Pre Inputs, USB and Effects with Rotary Knobs",595,517.3913043,367.25
ANALOGUE MIXERS,MG10,Mixer with 10 D-Pre Inputs,465,404.3478261,287.01
ANALOGUE MIXERS,MG06X,Mixer with 6 D-Pre Inputs and Effects,365,317.3913043,225.29
ANALOGUE MIXERS,MG06,Mixer with 6 D-Pre Inputs,310,269.5652174,191.34
ANALOGUE MIXERS,MG16X-CV,"MG-X Series Mixer with 16 D-Pre Inputs, high quality SPX effects, a robust rack-mountable metal chassis, and master section in a new silver grey colour",1645,1430.434783,1016.3
ANALOGUE MIXERS,MG12X-CV,"MG-X Series Mixer with 12 D-Pre Inputs, high quality SPX effects, a robust metal chassis, and master section in a new silver grey colour. Optional RKMG12 for 19"" rack mounting",1095,952.173913,675.86
ANALOGUE MIXERS,MG10X-CV,"MG-X Series Mixer with 10 D-Pre Inputs, high quality SPX effects, a robust metal chassis, and master section in a new silver grey colour. Optional BMS10 for stand mounting",699,607.826087,431.85
POWERED MIXERS,EMX5,"Box-type robust and portable powered mixer with high efficiency 2 x 630W amplifier, comprehensive effects, 1-Knob Master EQTM speaker presets and built-in feedback suppressor",1825,1586.956522,1126.42
POWERED MIXERS,EMX7,"Box-type robust and portable powered mixer with high efficiency 2 x 710W amplifier, comprehensive effects, Flex 9 Graphic Equalizer, speaker presets and built-in feedback suppressor",2325,2021.73913,1435.03
AG MICROPHONE,AG01B,"AGO1 live streaming USB microphone with integrated high-performance mixer Black, 24-bit 192kHz, works with AG Controller (Windows/Mac/iOS) for precise parameter control",615,534.7826087,411.37
AG MICROPHONE,AG01W,"AG01 live streaming USB microphone with integrated high-performance mixer Black, 24-bit 192kHz, works with AG Controller (Windows/Mac/iOS) for precise parameter control",615,534.7826087,411.37
AG MIXER,AG03-MK2-B,"3-channel USB live streaming mixer with high resolution 2-track audio recording and playback, works with AG Controller (Windows/Mac/IOS)",405,352.173913,270.9
AG MIXER,AG03-MK2-W,"3-channel USB live streaming mixer with high resolution 2-track audio recording and playback, works with AG Controller (Windows/Mac/iOS)",405,352.173913,270.9
AG MIXER,AG06MK2-B,"6-channel USB live streaming mixer with high resolution 2-track audio recording and playback, works with AG Controller (Windows/Mac/iOS)",475,413.0434783,317.73
AG MIXER,AG06MK2-W,"6-channel USB live streaming mixer with high resolution 2-track audio recording and playback, works with AG Controller (Windows/Mac/iOS)",475,413.0434783,317.73
AG MIXER,AG08B/W,"An 8-channel live streaming mixer featuring two phantom power inputs for condenser mics, an integrated USB audio interface, voice changer and sampler available in Black or White",1295,1126.086957,866.22
AG PACKAGE,AG03MK2B- LSPK,"A comprehensive package of the AG03MK2 that includeds AG03MK2, YCM01 mic, YH-MT1 studio quality headphones in black and balanced XLR cable",799,694.7826087,534.45
AG PACKAGE,AG03MK2W- LSPK,"A comprehensive package of the AG03MK2 that includes all the products you need to get started with live streaming right away. AG03MK2, YCM01 mic, YH-MT1 studio quality headphones in white and balanced XLR cable",799,694.7826087,534.45
AG MICROPHONE,YCM01B,"Studio-quality condenser microphone in black with cardioid polar pattern, XLR connector and clip",255,221.7391304,170.57
AG MICROPHONE,YCM01W,"Studio-quality condenser microphone in white with cardioid polar pattern, XLR connector and clip",255,221.7391304,170.57
ZG MIXER,ZG-01,A high resolution gaming / streaming audio mixer that provides a highly immersive gaming experience with ZG sound processing,675,586.9565217,451.5
AG HEADSET,YH-G01,"Comfortable studio-quality headset with high-quality condenser microphone with 3.5 mm (1/8"") 4-pole stereo mini-jack (TRRS) connector",345,300,230.77
,ZG-01-PACK,ZG01 gaming/streaming mixer with YH-Go1 Headset,875,760.8695652,585.29
HEADPHONES,HPH-MT8,"Designed to deliver accurate response and high-resolution sound with precise stereo imaging, detailed mid to high-end with tight bass. Black",410,356.5217391,253.06
HEADPHONES,HPH-MT7(W),"High-end high-resolution monitor headphones. Great for studio use, & for mix monitoring in live performance. In Black or (W) White",320,278.2608696,197.51
HEADPHONES,HPH-MT5(W),"High-grade monitor headphones that deliver a balanced faithful sound. Perfect for in the studio or at home, folding headband and only 250g",310,269.5652174,191.34
HEADPHONES,HPH-150,Open-ear headphones with a neutral tone that is ideal for listening to digital musical instruments,215,186.9565217,132.7
HEADPHONES,HPH-100,"Comfortable closed headphones with a pleasing sound quality, delivering powerful sound and rich tone",135,117.3913043,83.32
HEADPHONES,HPH-50,Simple compact headphones that let you enjoy professional-grade sound quality ,75,65.2173913,46.29
ACTIVE MONITORS,MS101-4,"Desktop utility 30W powered monitor, offers portability in a compact design. Combo jack / XLR input, directly microphone stand-mountable",395,343.4782609,243.8
ACTIVE MONITORS,MSP3A,"2-way, bi-amplified active monitor speaker featuring a 4"" low frequency driver 22W built-in amplifier and Twisted Flare Port for clearer bass, the MSP3A reference monitor produces sound that is faithful to the original.",595,517.3913043,367.24
ACTIVE MONITORS,HSS/HS5W,"2-way, bi-amplified active monitor speaker featuring a 5"" low frequency driver and 1"" high frequency driver 70 watts, black or white",535,465.2173913,330.21
ACTIVE MONITORS,HS7/HS7W,"2-way, bi-amplified active monitor featuring a 6.5"" low frequency driver and 1"" high frequency driver 95 watts, black or white",695,604.3478261,428.97
ACTIVE MONITORS,HS8/HS8W,"2-way, bi-amplified active monitor featuring an 8"" low frequency driver and 1"" high frequency driver 120 watts, black or white",845,734.7826087,521.55
ACTIVE MONITORS,HS51/HSS/W,"2-way, bi-amplified monitor speaker featuring a 5"" LF driver and 1"" HF driver 70 watts, Mounting points on 4 surfaces. In black or white",635,552.173913,391.93
ACTIVE MONITORS,HS7i/HS7/W,"2-way, bi-amplified monitor speaker featuring a 6.5"" LF driver and 1"" HF driver 95 watts, Mounting points on 4 surfaces. In black or white",885,769.5652174,546.23
ACTIVE MONITORS,HS81/HS8/W,"2-way, bi-amplified monitor speaker featuring a 8"" LF driver and 1"" HF driver 120 watts, Mounting points on 4 surfaces. In black or white",1125,978.2608696,694.37
ACTIVE MONITORS,HS8S,"8"" subwoofer to compliment HS or MSP Series monitors, 150 watts 22-160 Hz black",1045,908.6956522,644.99
PORTABLE PA,STAGEPAS 100BTR,"Portable PA system, 100W, coaxial compression driver with 1.4"" voice coil HF and 6.5"" cone LF, a 3-channel mixer, Bluetooth & lithium-ion battery",1295,1126.086957,852.63
PORTABLE PA,STAGEPAS 100,"Portable PA system, 100W, 1.4"" HF and 6.5"" cone LF, 3-channel mixer, Bluetooth, carry handle doubles as an adjustable stand. Bag - See page 13",1095,952.173913,720.95
PORTABLE PA,STAGEPAS 200BTR,"Portable PA system, 180W, 1.4"" voice coil HF and 8"" cone LF, 5-channel digital mixer, wireless Bluetooth App control, SPX effects and lithium-ion battery",2195,1908.695652,1354.8
PORTABLE PA,STAGEPAS 200,"Portable PA system, 180W, 1.4"" voice coil HF and 8"" cone LF, 5-channel digital mixer, wireless Bluetooth App control, SPX effects. Bag - See page 13",1799,1564.347826,1110.37
PORTABLE PA,BTR- STP200,Rechargeable Lithium ion battery pack for STAGEPAS 200,369,320.8695652,227.76
PORTABLE PA,STAGEPAS 400BT,"400-watt, portable PA system with 8-channel powered mixer, two 8"" speakers, a Bluetooth® input, SPX digital reverbs, an onboard feedback suppressor and versatile EQ",1999,1738.26087,1233.82
PORTABLE PA,STAGEPAS 600BT,"680-watt, portable PA system with 10-channel powered mixer, two 10"" speakers, a Bluetooth® input, SPX digital reverbs, an onboard feedback suppressor and versatile EQ",2675,2326.086957,1651.06
PORTABLE PA,STAGEPAS 1K MKII,"Stagepas1K mkll 1100W, portable PA system 5 channel digital mixer, 12"" sub, 10 x 1.5"" driver line array speaker 170 degree horizontal dispersion Bluetooth® input, SPX digital reverbs, 1knob EQ & Compressor",3955,3439.130435,2441.1
PORTABLE PA,DXL1K,"The DXL1K is a column-type powered speaker with a slim body and powerful sound. It can be used as the main speaker in a compact PA system, and is also perfect for use as an extension of a STAGEPAS 1K mkll system",2955,2569.565217,1848.57
AMPLIFIER,PA2030A,"PA Series Lo-Z/Hi-Z switchable Class-D amplifier (Lo-Z: 30W x2ch, Hi-Z: 60W xich) may be usedwith the MA2030 mixer amplifier (See CIS Brochure).",585,508.6956522,391.3
AMPLIFIER,PA2120,"Lo-Z/Hi-Z switchable Class-D amplifier (Lo-Z: 120W x2 @40, 100W x2ch @3/8N, HI-Z: 120W X2ch, 70V/100V); can be used with the MA2120 mixer amplifier.",1675,1456.521739,1220.4
AMPLIFIER,PX3,"Intelligent on-board DSP with PEQ equaliser, crossover filters, delay, limiter functions and high output power. 300W x2 at 8 ohms, 500W x2 at 4 ohms.",1565,1360.869565,965.95
AMPLIFIER,PX5,"Intelligent on-board DSP with PEQ equaliser, crossover filters, delay, limiter functions and high output power. 500W x2 at 8 ohms, 800W x2 at 4 ohms.",1705,1482.608696,1052.36
AMPLIFIER,PX8,"Intelligent on-board DSP with PEQ equaliser, crossover filters, delay, limiter functions and high output power. 800W x2 at 8 ohms, 1050W x2 at 4 ohms.",2025,1760.869565,1249.87
AMPLIFIER,PX10,"Intelligent on-board DSP with PEQ equaliser, crossover filters, delay, limiter functions and high output power. 1000W x2 at 8 ohms, 1200W x2 at 4 ohms.",2395,2082.608696,1478.24
ACTIVE LOUDSPEAKERS,DZR315-D,"3-way powered loudspeaker 2"" HF, 8"" MF & 15"" LF. Max 143dB SPL 31Hz- 20kHz. 2000W 96kHz DSP and FIR filter. Dante I/O 2in/2out with SRC",3725,3239.130435,2491.64
ACTIVE LOUDSPEAKERS,DZR315,"3-way powered loudspeaker 2"" HF, 8"" MF & 15"" LF. Max 143dB SPL 31Hz- 20kHz. 2000W 96kHz DSP and FIR filter",3655,3178.26087,2444.82
ACTIVE LOUDSPEAKERS,DZR15-D,"2-way powered loudspeaker 2"" HF & 15"" LF driver. Max 139dB SPL 34Hz- 20kHz. 2000W 96kHz DSP and FIR filter. Dante I/O 2in/2out with SRC",3185,2769.565217,2130.43
ACTIVE LOUDSPEAKERS,DZR15,"2-way powered loudspeaker 2"" HF & 15"" LF driver. Max 139dB SPL 34Hz- 20kHz. 2000W 96kHz DSP and FIR filter",3035,2639.130435,2030.1
ACTIVE LOUDSPEAKERS,DZR12-D,"2-way bi-amped 2"" HF and 12"" LF, 2KW 139dB SPL, rotatable horn FIR-X tuning, 96kHz DSP, floor monitor or flyable, Dante I/O 2in/2out with SRC",2975,2586.956522,1989.97
ACTIVE LOUDSPEAKERS,DZR12,"2-way bi-amped 2"" HF with rotatable horn and a 12"" LF driver. Max 139dB SPL 39Hz-20kHz. 2000W Class-D amplifier 96kHz DSP and FIR filter.",2875,2500,1923.08
ACTIVE LOUDSPEAKERS,DZR10-D,"2-way bi-amped 2"" HF and 10"" LF, 2KW 137dB SPL, rotatable hom FIR-X tuning, 96kHz DSP, floor monitor or flyable, Dante I/O 2in/2out with SRC",2795,2430.434783,1869.57
ACTIVE LOUDSPEAKERS,DZR10,"2-way bi-amped 2"" HF and 10"" LF, 2KW 137dB SPL, rotatable horn FIR-X tuning, 96kHz DSP, floor monitor or flyable",2650,2304.347826,1772.58
ACTIVE LOUDSPEAKERS,DXR15mkll,"15"" 2-way, bi-amplified, bass-reflex powered speaker. 1100W, 134dB SPL 49Hz-20kHz. FIR-X tuning. On-board mixer and DSP",2495,2169.565217,1539.96
ACTIVE LOUDSPEAKERS,DXR12mkll,"12"" 2-way, bi-amplified, bass-reflex powered speaker. 1100W, 134dB SPL 52Hz-20kHz. FIR-X tuning. On-board mixer and DSP",2195,1908.695652,1354.8
ACTIVE LOUDSPEAKERS,DXR10mkll,"10"" 2-way, bi-amplified, bass-reflex powered speaker. 1100W, 132dB SPL 49Hz-20kHz. FIR-X tuning. On-board mixer and DSP",1895,1647.826087,1169.63
ACTIVE LOUDSPEAKERS,DXR8mkll,"8"" 2-way, bi-amplified, bass-reflex powered speaker. 1100W, 130dB SPL 57Hz-20kHz. FIR-X tuning. On-board mixer and DSP",1775,1543.478261,1095.56
ACTIVE LOUDSPEAKERS,DHR15,"2-way bi-amp powered loudspeaker equipped with a 15-inch woofer and a 1.4-inch HF driver, perfect for use as a main speaker. Combining a 1000W amplifier and high-performance DSP with the same plywood construction found on Yamaha's high-end DZR Series",1725,1500,1135.73
ACTIVE LOUDSPEAKERS,DHR12M,"2-way bi-amp powered loudspeaker with a 12-inch woofer and a 1.75-inch HF driver in a space saving coaxial configuration, perfect for use as a floor monitor. Combining a 1000W amplifier and high performance DSP with the same plywood construction found on Yamaha's high-end DZR Series",1695,1473.913043,1115.98
ACTIVE LOUDSPEAKERS,DHR10,"2-way bi-amp powered loudspeaker, equipped with a 10-inch woofer and a 1.4-inch HF driver, and perfect for use in fixed installations. Combining a 700W amplifier module and high-performance DSP with the same high- grade plywood construction found on Yamaha's high-end DZR Series",1395,1213.043478,918.46
ACTIVE LOUDSPEAKERS,DBR15,"2--way, bi-amplified powered speaker, 1000W 132dB SPL 15"" LF driver 1.4"" diaphragm. FIR-X tuning. On-board mixer and DSP",1395,1213.043478,861.02
ACTIVE LOUDSPEAKERS,DBR12,"2-way, bi-amplified powered speaker, 1000W 131dB SPL 12"" LF driver 1.4"" diaphragm. FIR-X tuning. On-board mixer and DSP",1295,1126.086957,799.3
ACTIVE LOUDSPEAKERS,DBR10,"2-way, bi-amplified powered speaker, 700W 129dB SPL 10"" LF driver 1"" diaphragm. FIR-X tuning, On-board mixer and DSP",995,865.2173913,614.13
ACTIVE SUBWOOFERS,DXS12MkII,"Band-pass active subwoofer. 950W, 131dB SPL. 12"" driver. DSP processing for XSUB, Boost and Xtended modes",2325,2021.73913,1435.03
ACTIVE SUBWOOFERS,DXS15 MkII,"Band-pass active subwoofer. 950W, 132dB SPL. 15"" driver. DSP processing for XSUB, Boost and Xtended modes",2495,2169.565217,1539.96
ACTIVE SUBWOOFERS,DXS15XLF,"Powered 15"" subwoofer, 4"" Voice Coil, Max 136dB SPL 33Hz-150Hz, 1600W Class-D amplifier, 96kHz DSP, D-XSUB processing cardioid mode",3895,3386.956522,2404.07
ACTIVE SUBWOOFERS,DXS15XLF-D,"Powered 15"" subwoofer, 4"" Voice Coil, Max 136dB SPL 33Hz-150Hz, 1600W Class-D amplifier, 96kHz DSP, D-XSUB processing cardioid mode, Dante",4295,3734.782609,2650.96
ACTIVE SUBWOOFERS,DXS18,"18"" band-pass subwoofer 136dB Max SPL 4-inch voice coil 18-inch woofer 1020W, high powered sub energy down to 32Hz, Dual-pole socket",3775,3282.608696,2330
ACTIVE SUBWOOFERS,DXS18XLF,"Powered 18"" subwoofer, 4"" Voice Coil, Max 136dB SPL 30Hz-150Hz, 1600W Class-D amplifier, 96kHz DSP, D-XSUB processing cardioid mode, Dante",4195,3647.826087,2589.23
ACTIVE SUBWOOFERS,DXS18XLF-D,"Powered 18"" subwoofer, 4"" Voice Coil, Max 136dB SPL 30Hz-150Hz, 1600W Class-D amplifier, 96kHz DSP, D-XSUB processing cardioid mode, Dante",4595,3995.652174,2836.12
ACTIVE SUBWOOFERS,CXS15XLF,"Bass Reflex 15"" Passive subwoofer with 4"" Voice Coil, 800W PGM, Cardioid mode capable, Dual-pole socket, 131dB Max SPL",2105,1830.434783,1385.92
ACTIVE SUBWOOFERS,CXS18XLF,"Bass Reflex 18"" Passive subwoofer with 4"" Voice Coil, 1000W PGM, Cardioid mode capable, Dual-pole socket, 133dB Max SPL",2565,2230.434783,1583.17
LOUDSPEAKERS CHR SERIES,CHR10,"2-way high-grade plywood construction loudspeaker, equipped with a 10-inch woofer and a 1.4-inch HF driver, and perfect for use in fixed installations",950,826.0869565,625.48
LOUDSPEAKERS CHR SERIES,CHR12M,"2-way high-grade plywood construction loudspeaker, equipped with a 12-inch woofer and a 1.4-inch HF driver, and perfect for use in fixed installations",1225,1065.217391,806.54
LOUDSPEAKERS CHR SERIES,CHR15,"2-way high-grade plywood construction loudspeaker, equipped with a 15-inch woofer and a 1.4-inch HF driver, and perfect for use in fixed installations",1335,1160.869565,878.96
LOUDSPEAKERS CHR SERIES,CBR10,"2-way bass-reflex speaker with 10"" LF woofer & 1"" HF compression driver peak power 700W 50 Hz - 20 kHz equipped with 3 fly points",595,517.3913043,367.25
LOUDSPEAKERS CHR SERIES,CBR12,"12-way bass-reflex speaker with a 12"" woofer & 1.4"" compression driver peak power 700W 48 Hz - 20 kHz equipped with 3 fly points",725,630.4347826,447.91
LOUDSPEAKERS CHR SERIES,CBR15,"2-way bass-reflex speaker with a 15"" woofer & 1.4"" compression driver peak power 1000W 46 Hz - 20 kHz equipped with 3 fly points",875,760.8695652,540.07
SPEAKER CARRY CASE,BAG-STP100,Carrying bag for STAGEPAS 100 or STAGEPAS 100-BTR,159,138.2608696,92.17
SPEAKER CARRY CASE,CASE-STP200,Carry case with wheels & handle for STAGEPAS200 or STAGEPAS200-BTR,399,346.9565217,216.85
SPEAKER COVERS,SPCVR-0801,DXR8 speaker cover for weather protection as well as protection in transit,105,91.30434783,64.81
SPEAKER COVERS,SPCVR-1001,DXR10 DBR10 or CBR10 speaker cover for transit & weather protection,155,134.7826087,95.67
SPEAKER COVERS,SPCVR-1201 ,DXR12 DBR12 or CBR12 speaker cover for transit & weather protection,165,143.4782609,101.84
SPEAKER COVERS,SPCVR-1501 ,DXR15 DBR15 or CBR15 speaker cover for transit & weather protection,175,152.173913,108.01
SPEAKER COVERS,SPCVR-DXS122,DXS12MkII Subwoofer speaker cover for transit & weather protection,245,213.0434783,151.22
SPEAKER COVERS,SPCVR-DXS152,DXS15MkII Subwoofer speaker cover for transit & weather protection,265,230.4347826,163.56
SPEAKER COVERS,SPCVR-18S01,DXS18 subwoofer speaker cover for transit & weather protection,285,247.826087,175.91
MIXER ACCESSORIES,RK1,"Rack-Mount Kit for QL1, DM1000, LS9-16, 01V96i",115,100,70.98
MIXER ACCESSORIES,RK-MG12,Rack-Mount Kit for MG12,95,82.60869565,58.64
MIXER ACCESSORIES,RK-EMX7,Rack-Mount Kit for EMX5 or EMX7 Mixer,145,126.0869565,89.5
LOUDSPEAKER ACCESSORIES,UB-DXR8,U-bracket for DXR8 active loudspeaker,275,239.1304348,183.95
LOUDSPEAKER ACCESSORIES,UB-DXR10,U-bracket for DXR10 active loudspeaker,285,247.826087,190.64
LOUDSPEAKER ACCESSORIES,UB-DXR12,U-bracket for DXR12 active loudspeaker,285,247.826087,190.64
LOUDSPEAKER ACCESSORIES,UB-DXR15,U-bracket for DXR15 active loudspeaker,295,256.5217391,197.32
LOUDSPEAKER ACCESSORIES,BWS20190,"Wall mounting brackert (pair) suitable for VXS5, 555, S15, HS5I, MSP3A, MSP3, MS101-4, MS101|||",420,365.2173913,259.23
LOUDSPEAKER ACCESSORIES,BWS251300,"Wall bracket suitable for CBR, DBR, HS71, HS8i Length 30cm Max load 30 Kg",440,382.6086957,271.58
LOUDSPEAKER ACCESSORIES,BW5251400,"Wall bracket suitable for CBR, DBR, HS7i, HS8i Length 40cm Max load 30 Kg",495,430.4347826,305.52
LOUDSPEAKER ACCESSORIES,BMS10A,"Mic-stand adaptor suitable for MG06, MG10, MG10XU etc.",89,77.39130435,54.93
LOUDSPEAKER ACCESSORIES,DLSP1K,Dolly for STAGEPAS 1K or DXL1K,255,221.7391304,157.39
LOUDSPEAKER ACCESSORIES,SPW1,Optional Wheel Kit Casters for DXS Subs featuring radial ball bearings that ensure quiet during your performance. Set of 4,245,213.0434783,151.22
CONTROL SURFACE,CS-R10,"CS-R10 Control Surface, 38 Faders, 2x15"" touch panel, 12x4 banks of User Defined Keys, 4x4 banks User Defined Knobs, 24 DCAs, 12 Mute Groups, 2xM-Y Slots, 8 analogue in 8 out, dual redundant power supply",147025,127847.8261,98344.48
CONTROL SURFACE,CSR-10-S,"CS-R10-S Control Surface, 26 Faders, Selected Channel section with comprehensive channel parameters single 15"" touch panel, 2xM-Y slots, 8 analogue in 8 out, dual redundant power supply",112500,97826.08696,75250.84
MIXING CONSOLE,CSD-R7,"CS-R7 Control Surface with on-board DSP, 38 Faders, 2x15"" touch panel, 12x4 banks of User Defined Keys, 4x4 banks User Defined Knobs, 24 DCAs, 12 Mute Groups, 2xM-Y Slots, 8 analogue in 8 out, redundant PSU",186715,162360.8696,124892.98
CONTROL SURFACE,CS-R5,"CS-R5 control surface 96 kHz processing, 3x touch screens 12+12+12+2 fader bays, 6x5 custom fader banks & 12x4 user defined keys on each bay. Redundant PSU 38 kgs",100805,87656.52174,67428.09
CONTROL SURFACE,CS-R3,"CS-R3 control surface 96 kHz processing, 1x15"" touch panel 12+12+12+2 fader bays, 6x5 custom fader banks & 12x4 user defined keys on each bay. Redundant PSU 38kgs",53255,46308.69565,35622.07
DSP ENGINE,DSP-RX-EX,"Compatible with: CS-R10, CS-R10-S, CS-R5, CS-R3. 288 input, 72 MIX, 36 Matrix + 2xStereo channel. 4xHY + 2xMY card slots, redundant PSU",82985,72160.86957,55508.36
DSP ENGINE,DSP-RX-EX,"Compatible with: CS-R10, CS-R10-S, CS-R5, CS-R3. 120 input, 48 MIX, 24 Matrix + 2xStereo channel. 4xHY + 2xMY card slots, redundant PSU",51425,44717.3913,34397.99
DSP ENGINE,DEK-DSP-RX,Rivage Engine Upgrade - DSP-RX to DSP-RX-EX,41485,36073.91304,27749.16
RIVAGE I/O,RPio622,"RPio622 i/o expansion interface offering 6x16 channel analogue RY card slots or digitals i/o, 2xHY card slots for up to 256 ins/outs of digital audio,2xmini-YGDAI slots and dual redundant power supply",30415,26447.82609,20344.48
RIVAGE I/O,RPio222,"RPio222 i/o expansion interface with 2x16 channel analogue RY card slots or digital i/o, 2xHY card slots for up to 256 ins/outs of digital audio, 2xmini-YGDAI slots and dual redundant power supply",16155,14047.82609,10806.02
RIVAGE I/O,RY16-ML-SILK,SILK Audio Interface Card Rupert Neve Mic Preamps 96kHz,8625,7500,5769.23
RIVAGE I/O,RY16-AE,AES/EBU 16 channel digital inputs and outputs all with SRC 96kHz,4305,3743.478261,2879.6
RIVAGE I/O,RY16-DA,Output card with 16 analogue outputs 96kHz,4305,3743.478261,2879.6
RIVAGE I/O,RIO3224-D2,"High-capacity, high-performance I/O rack compatible with Yamaha CL and QL series consoles as well as RIVAGE PM series. 32 analogue inputs, 16 analogue outs + 8 x AES/EBU outputs. Dual power supply and character/graphic display",15165,13186.95652,10143.81
RIVAGE I/O,RIO1608-D2,"High-performance I/O rack 16 analogue inputs and 8 analogue outputs, compatible with Yamaha CL and QL series consoels as well as RIVAGE PM series. Dual power supply and character/graphic display",9155,7960.869565,6123.75
TWIN-LANe Interface Card,HY256-TL,"256 input  + output chs @ 96kHz/32bit multi-mode 300m fibre redundant ring topology, Neutrik opticalCON DUO connectors",8625,7500,5769.23
TWIN-LANe Interface Card,HY256TL-SMF,"256 input + output chs @ 96kHz/32 bit single-mode 2.0km fibre redundant ring topology, Neutrik opticalCON DUO connectors",11495,9995.652174,7688.96
TWIN-LANe Interface Card,HY144-D,"High density Dante network card digital audio signals of 32-bit 96kHz quality, 144 inputs/144 ouputs, Neutrik EtherCon connectors",6585,5726.086957,4404.68
TWIN-LANe Interface Card,HY144-D-SRC,"High density Dante network card digital audio signals of 32-bit 96kHz quality, 144 inputs/144 ouputs with onboard Sample Rate Conversion",10615,9230.434783,7100.33
TWIN-LANe Interface Card,HY128-MD,"High density MADI interface card, 128 input and 128 output channels of uncompressed 48 kHz/24-bit audio, optical and coaxial connectors",10615,9230.434783,7100.33
DIGITAL MIXERS,DM7,"DM7 Dante-equipped digital mixining console with 24 + 4 fader and three multi-touch screens, 120 mono input mixing channelsx 48 Mix + 12 Matrix + 2 Stereo buses. 144+144, AES/EBU: 1 out, 18+18 USB Audio Channe. One PY Expansion Slot and built-iun redundant power supply",55995,48691.30435,37454.85
DIGITAL MIXERS,DM7-C,"DM7 Compact Dante-equipped digital mixing console with 12+4 faders and one 12"" & one 7"" multi-touch screen 72 mono input mixing channels, 48 Mix + 12 Matrix + 2 Stereo buses. Dante: 144+144, AES/EBU: 1xout with SRC, 18+18 USB Audio Channel. One PY Expansion Slot and built-in redundant power supply",27995,24343.47826,18725.76
DIGITAL MIXERS,CTL-DM7,"DM7 Control expansion controller with 16 User Defined Keys, Scene Memory keys: Update, Previous, Store, Recall, Inc, and Dec. A/B Monitor Control keys, 4xUser Definable knobs, and Panner joystick. The Boardcast/Theatre Package is included with the DM7 Control controller (Side pads not included)",10895,9473.913043,7287.63
MIXER ACCESSORIES,DEK-DM7-BR,"Broadcast Software Package adds functionality to the DM7 series, including: Mix Minus, Fader Cue Release, Back Stop PFL, Audio Follow Video, Source Selection Mix Mode, Speaker Selection, Loudness Meter, Peak Program Meters (PPM) & 5.1 Surround (Future Update). Included with CTL-DM7",4450,3869.565217,2976.59
MIXER ACCESSORIES,DEK-DM7-TH,"Theatre Software Package adds functionality to the DM7 series, including: Mix Minus, 4 Bank EQ/DYN, Actor Library, DCA Preset, DCA Scene, Grid, MIDI Output Event on Scene, AFC Image Control (future update). Included with CTL-DM7",4450,3869.565217,2976.59
PY-CARDS,PY64-MD,PY64-MD card provided 64 input and 64 output MADI channels @ 96 kHz / 24-bit. The onboard sample rate converters allow interconnection between devices operating at different sampling rates,2775,2413.043478,1856.19
PY-CARDS,PY8-AE,PY8-AE card provides 8 input and 8 output AES/EBU channels @ 96 kHz / 24-bit. The onboard sample rate converters allow interconnection between devices operating at different sampling rates,1575,1369.565217,1053.51
PY-CARDS,PY-MAIDI-GPI,PY-MIDI-GPI interface card provides MIDI In & Out and GPI connectivity. 5 input and 5 output channels of GPI,845,734.7826087,565.22
DIGITAL MIXERS,CL5,"72 mono channel, 8 stereo channel, 24 bus, 8 matrix, ST+M digital mixining console. 32+2 physical faders, 8 local i/o, dedicated cue and monitor buses. Dante connectivity, 3 MY expansion slots",56055,48743.47826,37494.98
DIGITAL MIXERS,CL3,"64 mono channel, 8 stereo channel, 24 bus, 8 matrix, ST+M digital mixing console, 24+2 physical faders. 8 local i/o. dedicated cue and monitor buses. Dante connectivity, 3 MY expansion slots",41405,36004.34783,27695.65
DIGITAL MIXERS,CL1,"48 mono channel, 8 stereo channel, 24 bus, 8 matrix, ST+M digital mixing console, 16+2 physical faders. 8 local i/o. dedicated cue and monitor buses. Dante connectivity, 3 MY expansion slots",37995,33039.13043,25414.72
DIGITAL MIXERS,QL5,"64 mono channel, 8 stereo channel, 16 bus, 8 matrix, ST+M digital mixing console, input to matrix supported. 32+2 physical faders. 32 local inputs+16 local outputs. 16 x DCAs. Dante connectivity, 2xMY expansion slots. Dugan Automixer",34125,29673.91304,22826.09
DIGITAL MIXERS,QL1,"32 mono channel, 8 stereo channel, 16 bus, 8 matrix, ST+M digital mixing console, input to matrix supported. 16+2 physical faders. 32 local inputs+16 local outputs. 16 x DCAs. Dante connectivity, 2xMY expansion slots. Dugan Automixer",19315,16795.65217,12919.73
MIXER ACCESSORIES,MBCL,Optional meter bridge for CL3 and CL1 digital mixer,2655,2308.695652,1775.92
DIGITAL MIXERS,DM3,"New Dante-equipped digital mixer with 16 mono + 1 stereo + 2 FX return inputs, 8 x XLR outputs, 16+16 Dante Channels, 18 x USB inputs & outputs, 48 kHz/96kHz operation, 9 inch multi-touchscreen bundled with VST Rack Software",4595,3995.652174,3073.58
DIGITAL MIXERS,DM3-S,"Digital mixer with 16 mono + 1 stereo + 2 FX return inputs, 8 x XLR outputs, 18 x USB inputs & outputs, 48kHz/96kHz operation, 9 inch multi-touchscreen bundled with VST Rack Software",3795,3300,2538.46
DIGITAL MIXERS,TF5,"32 mic/line + 2 stereo line inputs max 48 input mix channels, 33 motor faders 8 mono + 6 stereo auxes, 8 DCAs 34 x 34 digital record/playback channels via USB Now bundled with Nuendo Live Software",7565,6578.26087,5060.2
DIGITAL MIXERS,TF3,"24 mic/line + 2 stereo line inputs max 48 input mix channels, 25 motor faders 8 mono + 6 stereo auxes, 8 DCAs 34 x 34 digital record/playback channels via USB Now bundled with Nuendo Live Software",6325,5500,4230.77
DIGITAL MIXERS,TF1,"16 mic/line + 2 stereo line inputs max 40 input mix channels, 17 motor faders 8 mono + 6 stereo auxes, 8 DCAs 34 x 34 digital record/playback channels via USB 2.0. Rack-Mountable with RK1",5325,4630.434783,3561.87
DIGITAL MIXERS,TFRACK,"16 mic/line + 1 stereo line input, 16-output. Intuitive and smooth all-in-one rack-style digital mixer. Bundled with Nuendo Live software",4245,3691.304348,2839.46
MIXER ACCESSORIES,NY64-D,Dante expansion card for TF series consoles 64 in/64 out,995,865.2173913,665.55
MIXER ACCESSORIES,PW800W,"Optional Redundant Power supply unit for CL-series, PM5D & M7CL consoles",6255,5439.130435,4183.95
MIXER ACCESSORIES,PSL360,0.6 metre power supply link cable for use with PW800W,1425,1239.130435,953.18
MIXER ACCESSORIES,RK-DM3,Rack mount kit for DM3 and DM3 Standard,115,100,70.98
MIXER ACCESSORIES,RK5014,Rack mount kit for TF1 and EMX5014C,145,126.0869565,89.5
MIXER ACCESSORIES,LA1L,Gooseneck LED lamp for digital mixing console series,205,178.2608696,137.12
REMOTE I/O,RUio16-D,"Rugged audio interface, serving as a bridge between Dante, analogue, and USB signals. Bundled with VST Rack Pro plug-software",2575,2239.130435,1722.41
REMOTE I/O,RIO3224-D2,"High-capacity / performance I/O rack compatible with Yamaha CL and QL series consoles as well as RIVGAE series. 32 analogue i/ps, 16 analogue + eight digital AES/EBU outs. Dual power supply and character/graphic display",15165,13186.95652,10143.81
REMOTE I/O,RIO1608-D2,"High-performance I/O rack 16 analogue inputs and 8 analogue outputs, compatible with Yamaha CL and QL series consoles as well as RIVAGE PM series. Dual power supply and character/graphic display",9155,7960.869565,6123.75
REMOTE I/O,RMIO64-D,"RMio64-D Dante/MADI converter offering both MADI and Dante redundancy via optical & coaxial connections. Dante patching, & SRC settings may be remotely controlled from CL or QL series consoles",8005,6960.869565,5354.52
REMOTE I/O,RSIO64-D,RSio64-D offers conversion between Dante and Mini-YGDAI format for up to 64 inputs and 64 ouputs. For Mini-YGDAI cared slots. Supports remote setup from CL and QL series consoles,7695,6691.304348,5147.16
REMOTE I/O,TIO1608-D2,"Remote i/o for use with TF or R-Remote software with 16 XLR mix preamps, 8 analogue XLR outputs & Dante connectivity supports 48 and 96 kHz operation",3149,2738.26087,2106.35
SWP1 SWITCH,SWP1-16MMF,"SWP1 series network switch equipped with 12 etherCON ports, 4xRJ45 ports, 1xFibre opticalCON port, and 1xOption slot",5225,4543.478261,3494.98
SWP1 SWITCH,SWP1-8MMF,"SWP1 series network switch equipped with 8 etherCON ports, 1xFibre opticalCON port, and 1xOption slot",4175,3630.434783,2792.64
SWP1 SWITCH,SWP1-8,"SWP1 series network switch equipped with 8 etherCON ports, and 2xOption slot",2775,2413.043478,1856.19
SWITCH ACCESSORY,MMF-SWP1,MMF-SWP1 optional kit includes components for multimode optical capability with opticalCON fibre connectors for SWP1 series switches,1315,1143.478261,879.6
SWP2 SWITCH,SWP2-10SMF,SWP2 series L2 switch is ideal for Dante 96kHz network systems. Features 10 etherCON ports and 2xSingle Mode Fibre opticalCON ports,8825,7673.913043,5903.01
SWP2 SWITCH,SWP2-10MMF,SWP2 series L2 switch is ideal for Dante 96kHz network systems. Features 10 etherCON ports and 2xMulti Mode Fibre opticalCON ports,5965,5186.956522,3989.97
SWITCH ACCESSORY,PA-700,"Optional AC redundant power supply for SWP1, SWP2, and RSio64-D, XLR4-11C type connector. Input power: AC100-240V output power: DC24V",345,300,230.77
SWR L2 SWITCH,SWR2311P-10G,"Dante Optimised L2 Switch with ports 1-8 PoE equipped, ports 9&10 LAN/SFP, up to 30W to all PoE ports. SWR Rack kit also available - POA",2495,2169.565217,1668.9
SWR L2 SWITCH,SWR2310-10G,"Network switch equipped with 10x RJ45 ports, PoE power supply:1-9, Uplink ports:10. Maximum 30W available on each PoE-compliant port. All ports 70W",1445,1256.521739,966.56
SWR L2 SWITCH,SWR2100P-10G,"Network switch equipped with 10x RJ45 ports, PoE power supply:1-9, Uplink ports:10. Maximum 30W available on each PoE-compliant port. All ports 70W",1135,986.9565217,759.2
SWR L2 SWITCH,SWR2100P-5G,"Network switch equipped with 5x RJ45 ports, PoE power supply:1-4, Uplink ports:5. Maximum 30W available on each PoE-compliant port. All ports 70W",745,647.826087,498.33
SWITCH ACCESSORY,RK-SWR,Rack mounting kit for SWR switches,175,152.173913,117.06
MA/PA MIXER/AMP,MA2030a,"Lo-Z/Hi-Z switchable class-D mixer amplifier 2 x 30W with selectable stereo inputs, 2 mic inputs & powerful DSP for high quality music playback & microphone use",755,656.5217391,505.02
MA/PA MIXER/AMP,PA2030a,"Lo-Z/Hi-Z switchable class-D mixer amplifier (Lo-Z: 30W x 2CH, Hi-Z: 60W x 1CH). 1 Stereo/2mono line inputs; can be combined with MA2030a mixer amplifier",585,508.6956522,391.3
MA/PA MIXER/AMP,MA2120,"Lo-Z/Hi-Z switchable class-D mixer amplifier, 2x120W 6 mic/line inputs, 2 stereo inputs powerful DSP for high quality music playback and microphone use",2025,1760.869565,1354.52
MA/PA MIXER/AMP,PA2120,Lo-Z/Hi-Z switchable class-D amplifier 120W x2 equipped with 1 stereo/2 mono line inputs; can be combined with the MA2120 mixer amplifier,1675,1456.521739,1120.4
MA/PA ACCESSORIES,RKH1,Twin rack mounting bracket for Yamaha MA2030/PA2030 amplifier,145,126.0869565,96.99
MA/PA ACCESSORIES,DCP4S,4x switch wall-mount control panel for MA & MTX series. Set DIP switches on MA and PA series Mixer Amplifiers to select DCP control of prescribed paramters,235,204.3478261,157.19
MA/PA ACCESSORIES,DCP1V4S,"1x rotary, 4x switch wall-mount control panel for MA & MTX series. Set DIP switches on MA and PA series Mixer Amplifiers to select DCP control of prescribed parameters",305,265.2173913,204.01
MA/PA ACCESSORIES,DCP4V4S,"4x rotary, 4x switch wall-mount control pnael for MA & MTX series. Set DIP switches on MA and PA series Mixer Amplifers to select DCP control of prescribed paramters",605,526.0869565,404.68
SIGNAL PROCESSING,DME7,"Open architecture digital signal processor, state-of-the-art performance 96kHz sound quality with 64x64 Dante Channels on-board",24995,21734.78,16719.06
SIGNAL PROCESSING,DEK-DME7-DX64,"DEK-DME7 Expansion license kit offering an additional 64 Dante Channels, permitting up to 256 x 256 input/output channels",9995,8691.3,6685.52
MATRIX PROCESSING,MRX7D,"Simple, flexible DSP control for complex, high-capacity sound system, 64 CH. Dante i/o AEC, 8+2 stereo ins 8 analogue outs and expansion slot",7905,6873.91,5287.63
MATRIX PROCESSING,MTX5-D,34 x 16 Matrix fixed architecture signal processor with Dante. 8 mic/line ins & 8 analogue outs with wired or wireless DCP control,5235,4552.17,3501.67
MATRIX PROCESSING,MTX3,24 x 8 Matrix fixed architecture signal processor with YDIF. 8 mic/line ins and 8 analogue outs with wired or wireless DCP control,3055,2656.52,2043.48
MATRIX PROCESSING,EXI8,8 mic/line input expansion unit for MTX-series matrix processors with MTX-controllable preamps and YDIF connectivity,2085,1813.04,1394.65
MATRIX PROCESSING,EXO8,8 mic/line input expansion unit for MTX-series matrix processors and YDIF connectivity,1965,1708.7,1314.38
MTX ACCESSORY,PGM1,Paging station and microphone that can be used with the PGM1,2295,1995.65,1535.12
MTX ACCESSORY,PGX1,PGX1 paging station extension that can be used with the PGM1,785,682.61,525.08
MTX ACCESSORY,MCP1,Wall-mount control panel for controlling MTX and MRX systems with 6 page dot-matrix display. Up to 16 units can be connected,915,795.65,612.04
MTX ACCESSORY,DCP4S,4x switch wall-mount control panel for MA&MTX series. Up to 8 DCP units can be connected to each MTX-series matrix processor,235,204.35,157.19
MTX ACCESSORY,DCP1V4S,"1x rotary, 4x switch wall-mount control panel for MA & MTX series. Up to 8 DCP units can be connected to each MTX-series matrix processor",305,265.22,204.01
MTX ACCESSORY,DCP4V4S,"4x rotary, 4x switch wall-mount control panel for MA & MTX series. Up to 8 DCP units can be connected to each MTX-series matrix processor",605,526.09,404.68
MTX ACCESSORY,DCH8,"DCH8 functions as a relay device between the host device and DCP series, allowing a combination of star and daisy-chain connections",575,500,384.62
M-Y CARDS-Analogue,MY8ADDA96,"8-channel, 24-bit/96kHz line-level input/output card. Euroblock interface",2355,2047.83,1575.25
M-Y CARDS-Digital,MY16AE,"16-channel, 24-bit/48kHz AES/EBU card with 2x D-SUB interfacce",2145,1865.22,1434.78
M-Y CARDS-Network,DANTE-MY16-AUD2,"16-channel Dante expansion card for non-Dante equipped consoles and processors such as PM5D, LS9, M7CL, DME - 192kHz capable",985,856.52,658.86
M-Y CARDS-Processing,Dugan-MY16,16-channel Dugan automixinig controller card by Dan Dugan Sound Design,6295,5473.91,4210.7
PCIe CARD,AIC128-D,Nuage audio post-production system Dante accelerator card for Nuage host computers. Full redundancy guarantees audio network integrity over the Dante protocol,2305,2004.35,1541.81
XMV SERIES AMPLIFIERS,XMV4140,4 x 140W @ 4/8 ohm or 70/100V line power amplifier. 2 x 280W @ 4 or 8 ohm in double power mode. YDIF connection & control available via MTX,2585,2247.83,1729.1
XMV SERIES AMPLIFIERS,XMV4140-D,4 x 140W @ 4/8 ohm or 70/100V line power amplifier. 2 x 280W @ 4 or 8 ohm in double power mode with YDIF connection & Dante connectivity,2985,2595.65,1996.66
XMV SERIES AMPLIFIERS,XMV4280,4 x 280W @ 4/8 ohm or 70/100V line power amplifier. 2 x 560W @ 4 or 8 ohm in double power mode. YDIF connection & control available via MTX,3725,3239.13,2491.64
XMV SERIES AMPLIFIERS,XMV4280-D,4 x 280W @ 4/8 ohm or 70/100V line power amplifier. 2 x 560W @ 4 or 8 ohm in double power mode. YDIF connection & Dante connectivity,4445,3865.22,2973.24
XMV SERIES AMPLIFIERS,XMV8140,8 x 140W @ 4/8 ohm or 70/100V line power amplifier. 2 x 280W @ 4 or 8 ohm in double power mode. YDIF connection & control available via MTX,4335,3769.57,2899.67
XMV SERIES AMPLIFIERS,XMV8140-D,8 x 140W @ 4/8 ohm or 70/100V line power amplifier. 2 x 280W @ 4 or 8 ohm in double power mode. YDIF connection & Dante connectivity,5145,4473.91,3441.47
XMV SERIES AMPLIFIERS,XMV8280-D,4 x 280W @ 4/8 ohm or 70/100V line power amplifier. 2 x 560W @ 4 or 8 ohm in double power mode. YDIF connection & control available via MTX,6575,5717.39,4397.99
XMV SERIES AMPLIFIERS,XMV8280-D,4 x 280W @ 4/8 ohm or 70/100V line power amplifier. 2 x 560W @ 4 or 8 ohm in double power mode. YDIF connection & Dante connectivity,7505,6526.09,5020.07
PC-D/DI SERIES AMPLIFIER,PC412-D,"PC412-D high power amplifier with 20x8 input matrix capability, 16 ch Dante I/O and on-board 96kHz speaker processing. Compatible with ProVisionaire Touch and ProVisionaire Control. 4x1200W at 8 ohm",9185,7986.96,6143.81
PC-D/DI SERIES AMPLIFIER,PC406-D,"PC406-D high power amplifier with 20x8 input matrix capability, 16 ch Dante I/O and on-board 96kHz speaker processing. Compatible with ProVisionaire Touch and ProVisionaire Control. 4x600W at 8 ohm",6685,5813.04,4471.57
PC-D/DI SERIES AMPLIFIER,PC412-DI,"PC412-D high power installation amplifier with 20x8 input matrix capability, 16 ch Dante I/O and on-board 96kHz speaker processing. Compatible with ProVisionaire Touch and ProVisionaire Control. 4x1200W at 8 ohm, 4x1200W at 100V/70V",9435,8204.35,6311.04
PC-D/DI SERIES AMPLIFIER,PC406-DI,"PC406-D high power installation amplifier with 20x8 input matrix capability, 16 ch Dante I/O and on-board 96kHz speaker processing. Compatible with ProVisionaire Touch and ProVisionaire Control. 4x600W at 8 ohm,4x600W at 100V/70V",6925,6021.74,4632.11
CEILING SPEAKERS,VC4B,"2-Way system with 4-inch woofer and 0.8-inch tweeter (black), engineered for optimum BGM and voice reproduction. Built-in carrying band. Paintable grilles with magnetic catches. Single unit package",235,204.35,157.19
CEILING SPEAKERS,VC4W,"2-Way system with 4-inch woofer and 0.8-inch tweeter(white), engineered for optimum BGM and voice reproduction. Built-in carrying band. Paintable grilles with magnetic catches. Single unit package",235,204.35,157.19
CEILING SPEAKERS,VC4NB,"2-Way system with 4-inch woofer and 0.8-inch tweeter (black), engineered for optimum BGM and voice reproduction. No back can low-profile design allows installation in limited ceiling spaces. Paintable grilles with magnetic catches. Single unit package",185,160.87,123.75
CEILING SPEAKERS,VC4NW,"2-Way system with 4-inch woofer and 0.8-inch tweeter (white), engineered for optimum BGM and voice reproduction. No back can low-profile design allows installation in limited ceiling spaces. Paintable grilles with magnetic catches. Single unit package",185,160.87,123.75
CEILING SPEAKER ACCESSORIES,AB-C2,"AB-C2 Ring + Tile Rail Kit for VC4B, VC4W and VXC2F",65,56.52,43.48
CEILING SPEAKERS,VC6B,"2-Way system with 6.5-inch woofer and 0.8-inch tweeter (black), engineered for optimum BGM and voice reproduction. Built-in carryiong band, double-threaded speaker clamp screws for speedy tightening. Paintable grilles with magnetic catches. Single unit package",325,282.61,217.39
CEILING SPEAKERS,VC6W,"2-Way system with 6.5-inch woofer and 0.8-inch tweeter (white), engineered for optimum BGM and voice reproduction. Built-in carryiong band, double-threaded speaker clamp screws for speedy tightening. Paintable grilles with magnetic catches. Single unit package",325,282.61,217.39
CEILING SPEAKERS,VC6NB,"2-Way system with 6.5-inch woofer and 0.8-inch tweeter (black), engineered for optimum BGM and voice reproduction. No back can low-profile design allows installation in limited ceiling spaces. Paintable grilles with magnetic catches. Single unit package",275,239.13,183.95
CEILING SPEAKERS,VC6NW,"2-Way system with 6.5-inch woofer and 0.8-inch tweeter (white), engineered for optimum BGM and voice reproduction. No back can low-profile design allows installation in limited ceiling spaces. Paintable grilles with magnetic catches. Single unit package",275,239.13,183.95
CEILING SPEAKERS,VC8B,"2-Way system with 8-inch woofer and 0.8-inch tweeter (black), engineered for optimum BGM and voice reproduction. Built-in carryiong band, double-threaded speaker clamp screws for speedy tightening. Paintable grilles with magnetic catches. Single unit package",425,369.57,284.28
CEILING SPEAKERS,VC8W,"2-Way system with 8-inch woofer and 0.8-inch tweeter(white), engineered for optimum BGM and voice reproduction. Built-in carryiong band, double-threaded speaker clamp screws for speedy tightening. Paintable grilles with magnetic catches. Single unit package",425,369.57,284.28
CEILING SPEAKERS,VC8NB,"2-Way system with 8-inch woofer and 0.8-inch tweeter (black), engineered for optimum BGM and voice reproduction. No back can low-profile design allows installation in limited ceiling spaces. Paintable grilles with magnetic catches. Single unit package",365,317.39,244.15
CEILING SPEAKERS,VC8NW,"2-Way system with 8-inch woofer and 0.8-inch tweeter (white), engineered for optimum BGM and voice reproduction. No back can low-profile design allows installation in limited ceiling spaces. Paintable grilles with magnetic catches. Single unit package",365,317.39,244.15
PENDANT SPEAKERS,VXH6B,2-Way system with 6.5-inch woofer and 1-inch tweeter (black). Wide dispersion 120 degree and 300W power handling. Engineered for optimum BGM and voice reproduction. Low & High impedance connections. Single unit package,845,734.78,565.22
PENDANT SPEAKERS,VXH6W,2-Way system with 6.5-inch woofer and 1-inch tweeter (white). Wide dispersion 120 degree and 300W power handling. Engineered for optimum BGM and voice reproduction. Low & High impedance connections. Single unit package,845,734.78,565.22
PENDANT SPEAKERS,VXH8B,2-Way system with 8-inch woofer and 1-inch tweeter (black). Wide dispersion 120 degree and 300W power handling. Engineered for optimum BGM and voice reproduction. Low & High impedance connections. Single unit package,1025,891.3,685.62
PENDANT SPEAKERS,VXH8W,2-Way system with 8-inch woofer and 1-inch tweeter (white). Wide dispersion 120 degree and 300W power handling. Engineered for optimum BGM and voice reproduction. Low & High impedance connections. Single unit package,1025,891.3,685.62
CEILING SPEAKERS,VXC2FB,"2.5-inch Bass Reflex, 30W PGM 160 degree conical dispersion pattern, 8 ohm or 4-tap 100V Line. Sold single (black)",255,221.74,170.57
CEILING SPEAKERS,VXC2FW,"2.5-inch Bass Reflex, 30W PGM 160 degree conical dispersion pattern, 8 ohm or 4-tap 100V Line. Sold single (white)",255,221.74,170.57
CEILING SPEAKERS,VXC3F,"3.5-inch Full Range Bass Reflex, F-series engineered for optimum BGM reproduction. 40W PGM, 140 degree conical dispersion, 8 ohm or 4-tap 70V line, 3-tap 100V line, Sold in pairs (black)",605,526.09,404.68
CEILING SPEAKERS,VXC3FW,"3.5-inch Full Range Bass Reflex, F-series engineered for optimum BGM reproduction. 40W PGM, 140 degree conical dispersion, 8 ohm or 4-tap 70V line, 3-tap 100V line, Sold in pairs (white)",605,526.09,404.68
CEILING SPEAKERS,VXC4,"4-inch Bass Reflex, 60W PGM, 130 degree conical dispersion pattern, 8 ohm or 4-tap 70V line, 3-tap 100V line. Sold in pairs (black)",605,526.09,404.68
CEILING SPEAKERS,VXC4W,"4-inch Bass Reflex, 60W PGM, 130 degree conical dispersion pattern, 8 ohm or 4-tap 70V line, 3-tap 100V line. Sold in pairs (white)",605,526.09,404.68
CEILING SPEAKERS,VXC5F,"4.5-inch Full Range Bass Reflex, engineered for optimum BGM reproduction. 80W PGM, 130 degree conical dispersion. 8 ohm or 4-tap 70V line, 3-tap 100V line. Sold in pairs (black)",645,560.87,431.44
CEILING SPEAKERS,VXC5FW,"4.5-inch Full Range Bass Reflex, engineered for optimum BGM reproduction. 80W PGM, 130 degree conical dispersion. 8 ohm or 4-tap 70V line, 3-tap 100V line. Sold in pairs (white)",645,560.87,431.44
CEILING SPEAKERS,VXC6,"2-Way bass reflex, 150W PGM, 6.5-inch LF driver, 0.75-inch HF dome, 110 conical dispersion pattern, 8 ohm or 4-tap 70V line, 3-tap 100V line. Sold in pairs (black)",745,647.83,498.33
CEILING SPEAKERS,VXC6W,"2-Way bass reflex, 150W PGM, 6.5-inch LF driver, 0.75-inch HF dome, 110 conical dispersion pattern, 8 ohm or 4-tap 70V line, 3-tap 100V line. Sold in pairs (white)",745,647.83,498.33
CEILING SPEAKERS,VXC8,"2-Way bass reflex, 180W PGM, 8-inch LF driver, 1-inch HF dome, 100 conical dispersion pattern, 8 ohm or 4-tap 70V line, 3-tap 100V line. 55-20kHz. Sold in pairs (black)",1045,908.7,699
CEILING SPEAKERS,VXC8W,"2-Way bass reflex, 180W PGM, 8-inch LF driver, 1-inch HF dome, 100 conical dispersion pattern, 8 ohm or 4-tap 70V line, 3-tap 100V line. 55-20kHz. Sold in pairs (white)",1045,908.7,699
CEILING SUBWOOFER,VXC8SB,"S-Model 8-inch ceiling subwoofer. Distortion-free band-pass design, Lo-Z or Hi-Z connections. 44Hz - 200Hz. Anti-drop tab mechanism and built-in carrying band. Single (black)",625,543.48,418.06
CEILING SUBWOOFER,VXC8SW,"S-Model 8-inch ceiling subwoofer. Distortion-free band-pass design, Lo-Z or Hi-Z connections. 44Hz - 200Hz. Anti-drop tab mechanism and built-in carrying band. Single (white)",625,543.48,418.06
CEILING SPEAKERS ACCESSORIES,AB-C2,AB-C2 Ring & tile rail kit for VXC2F,65,56.52,43.48
CEILING SPEAKERS ACCESSORIES,AB-C8S,AB-C8S O-ring & tile rail kit for VXC8S subwoofer,65,56.52,43.48
CEILING SPEAKERS ACCESSORIES,PK-C4B,PK-C4 Pendant mount kit for VXC2F (black),105,91.3,70.23
CEILING SPEAKERS ACCESSORIES,PK-C4W,PK-C4 Pendant mount kit for VXC2F (white),105,91.3,70.23
CEILING SPEAKERS ACCESSORIES,CMA1MB,Ceiling mount adapter for VXS M model (black),45,39.13,30.1
CEILING SPEAKERS ACCESSORIES,CMA1MW,Ceiling mount adapter for VXS M model (white),45,39.13,30.1
CEILING SPEAKERS ACCESSORIES,CMA3SB,Ceiling mount adapter for VXS3S (black),195,169.57,130.43
CEILING SPEAKERS ACCESSORIES,CMA3SW,Ceiling mount adapter for VXS3S (white),195,169.57,130.43
SURFACE-MOUNT SPEAKER,VXS1MLB,"Full range compact surface mount speaker 1.5-inch driver, 20W @ 8 ohm wide 170 degree horizontal & vertical dispersion. Wall/ceiling mount hardware supplied (black). Sold as single",195,169.57,130.43
SURFACE-MOUNT SPEAKER,VXS1MLW,"Full range compact surface mount speaker 1.5-inch driver, 20W @ 8 ohm wide 170 degree horizontal & vertical dispersion. Wall/ceiling mount hardware supplied (white). Sold as single",195,169.57,130.43
SURFACE-MOUNT SUBWOOFER,VXS3SB,3.5-inch Dual SR-Bass subwoofer for Hi-Z/Lo-Z systems (black). Ideally matched for use with VXS1ML 80W @ 8 ohm. Wall/ceiling mount hardware included. Sold as single,545,473.91,364.55
SURFACE-MOUNT SUBWOOFER,VXS3SW,3.5-inch Dual SR-Bass subwoofer for Hi-Z/Lo-Z systems (white). Ideally matched for use with VXS1ML 80W @ 8 ohm. Wall/ceiling mount hardware included. Sold as single,545,473.91,364.55
SURFACE-MOUNT SPEAKER,VXS3F,"3.5-inch full range compact surface mount speakers (black). Wide dispersion, 40W PGM, Lo-Z @ 8 ohm for smaller installer. Brackets & safety wires included. Sold in pairs",550,478.26,367.89
SURFACE-MOUNT SPEAKER,VXS3FW,"3.5-inch full range compact surface mount speakers (white). Wide dispersion, 40W PGM, Lo-Z @ 8 ohm for smaller installer. Brackets & safety wires included. Sold in pairs",550,478.26,367.89
SURFACE-MOUNT SPEAKER,VXS3FT,"3.5-inch full range compact surface mount speakers (black). Wide dispersion, 40W PGM, Hi-Z @ 70V/100V. Brackets & safety wires included. Sold in pairs",605,526.09,404.68
SURFACE-MOUNT SPEAKER,VXS3FW,"3.5-inch full range compact surface mount speakers (white). Wide dispersion, 40W PGM, Hi-Z @ 70V/100V. Brackets & safety wires included. Sold in pairs",605,526.09,404.68
SURFACE-MOUNT SPEAKER,VXS5,"2-Way bass-reflex, 180W PGM, 5-inch LF driver, 1-inch HF dome (black). 120 degree dispersion, 3-tap 100V line or Lo-Z. IP35 rates, wall/ceiling brackets included. Sold in pairs",655,569.57,438.13
SURFACE-MOUNT SPEAKER,VXS5W,"2-Way bass-reflex, 180W PGM, 5-inch LF driver, 1-inch HF dome (white). 120 degree dispersion, 3-tap 100V line or Lo-Z. IP35 rates, wall/ceiling brackets included. Sold in pairs",655,569.57,438.13
SURFACE-MOUNT SPEAKER,VXS8,"2-Way bass-reflex, 180W PGM, 8-inch LF driver, 0-inch HF dome (black). 100 degree dispersion, 4-tap 70V line, 3-tap 100V line or Lo-Z. IP35 rates, wall/ceiling brackets included. Sold in pairs",1045,908.7,699
SURFACE-MOUNT SPEAKER,VXS8W,"2-Way bass-reflex, 180W PGM, 8-inch LF driver, 0-inch HF dome (white). 100 degree dispersion, 4-tap 70V line, 3-tap 100V line or Lo-Z. IP35 rates, wall/ceiling brackets included. Sold in pairs",1045,908.7,699
SURFACE-MOUNT SUBWOOFER,VXS10S,"Dual voice coil 10-inch subwoofer (black), 2x200W PGM, 2x8 ohm. Sold as single",795,691.3,531.77
SURFACE-MOUNT SUBWOOFER,VXS10SW,"Dual voice coil 10-inch subwoofer (white), 2x200W PGM, 2x8 ohm. Sold as single",795,691.3,531.77
SURFACE-MOUNT SUBWOOFER,VXS10ST,"Dual voice coil 10-inch subwoofer (black), 2x200W PGM, 4-tap 70V line, 3-tap 100V line or Lo-Z. Sold as single",935,813.04,625.42
SURFACE-MOUNT SUBWOOFER,VXS10STW,"Dual voice coil 10-inch subwoofer (white), 2x200W PGM, 4-tap 70V line, 3-tap 100V line or Lo-Z. Sold as single",935,813.04,625.42
LINE ARRAY SPEAKERS,VXL1B-24,"Slim line array speaker 24x1.5-inch drivers with neodymium magnets (black). Wide horizontal dispersion uniform SPL over a wide area, selectable vertical coverage: normal or wide",1975,1717.39,1321.07
LINE ARRAY SPEAKERS,VXL1W-24,"Slim line array speaker 24x1.5-inch drivers with neodymium magnets (white). Wide horizontal dispersion uniform SPL over a wide area, selectable vertical coverage: normal or wide",1975,1717.39,1321.07
LINE ARRAY SPEAKERS,VXL1B-16,"Slim line array speaker 16x1.5-inch drivers with neodymium magnets (black). Wide horizontal dispersion uniform SPL over a wide area, selectable vertical coverage: normal or wide",1315,1143.48,879.6
LINE ARRAY SPEAKERS,VXL1W-16,"Slim line array speaker 16x1.5-inch drivers with neodymium magnets (white). Wide horizontal dispersion uniform SPL over a wide area, selectable vertical coverage: normal or wide",1315,1143.48,879.6
LINE ARRAY SPEAKERS,VXL1B-8,"Slim line array speaker 8x1.5-inch drivers with neodymium magnets (black). Wide horizontal dispersion uniform SPL over a wide area, selectable vertical coverage: normal or wide",715,621.74,478.26
LINE ARRAY SPEAKERS,VXL1W-8,"Slim line array speaker 8x1.5-inch drivers with neodymium magnets (white). Wide horizontal dispersion uniform SPL over a wide area, selectable vertical coverage: normal or wide",715,621.74,478.26
LINE ARRAY SPEAKERS,VXL1B-16P,VXL P model - Dante PoE powered line array speakers 16x1.5-inch drivers with neodymium magnets (black). Wide horizontal dispersion uniform SPL over a wide area. Selectable vertical coverage: normal or wide,2255,1960.87,1508.36
LINE ARRAY SPEAKERS,VXL1W-16P,VXL P model - Dante PoE powered line array speakers 16x1.5-inch drivers with neodymium magnets (white). Wide horizontal dispersion uniform SPL over a wide area. Selectable vertical coverage: normal or wide,2255,1960.87,1508.36
VXL ACCESSORIES,WMB-L1B,Wall mount bracket with vertical and horizontal angle adjustment capability for VXL series (black). Compatible model VXL1-24/VXL1-16/VXL1-8/VXL1-16P,105,91.3,70.23
VXL ACCESSORIES,WMB-L1W,Wall mount bracket with vertical and horizontal angle adjustment capability for VXL series (white). Compatible model VXL1-24/VXL1-16/VXL1-8/VXL1-16P,105,91.3,70.23
VXL ACCESSORIES,VCB-L1B,Vertical coupling bracket for VXL1-24 or VXL1-16,55,47.83,36.79
VXL ACCESSORIES,VCSB-L1B,Vertical coupling bracket with downward angle adjustment (black) for VXL1-24 or VXL1-16,165,143.48,110.37
VXL ACCESSORIES,VCSB-L1W,Vertical coupling bracket with downward angle adjustment (white) for VXL1-24 or VXL1-16,165,143.48,110.37
VXL ACCESSORIES,HCB-L1B,Horizontal coupling bracket for VXL1-24/VXL1-16/VXL1-8/VXL1-16P,105,91.3,70.23
VXL ACCESSORIES,PA-L1B,35mm pole mount bracket for VXL1-24/VXL1-16/VXL1-8/VXL1-16P,225,195.65,150.5
VXL ACCESSORIES,ST-L1B,Speaker 70V/100V transformer for VXL1-24/VXL1-16/VXL1-8/VXL1-16P (black),435,378.26,290.97
VXL ACCESSORIES,ST-L1W,Speaker 70V/100V transformer for VXL1-24/VXL1-16/VXL1-8/VXL1-16P (white),435,378.26,290.97
LOUDSPEAKERS,DZR315-D,"3-way powered louadspeaker with a 2"" HF, 8"" MF, 15"" LF driver. Max 143dB SPL 31Hz-20kHz. 2000W Class-D amplifier 96kHz DSP and FIR filter. Dante I/O 2in/2out with SRC allowing 48kHz device compatibility",3725,3239.13,2491.64
LOUDSPEAKERS,DZR315,"3-way powered louadspeaker with a 2"" HF, 8"" MF, 15"" LF driver. Max 143dB SPL 31Hz-20kHz. 2000W Class-D amplifier 96kHz DSP and FIR filter",3655,3178.26,2444.82
LOUDSPEAKERS,DZR15-D,"2-way powered loudspeaker with a 2"" HF with rotatable horn and a 15"" LF driver. Max 139dB SPL 34Hz-20kHz. 2000W Class-D amplifier 96kHz DSP and FIR filter. Dante I/O 2in/2out with SRC allowing 48kHz device compatiblity",3185,2769.57,2130.43
LOUDSPEAKERS,DZR15,"2-way powered loudspeaker with a 2"" HF with rotatable horn and a 15"" LF driver. Max 139dB SPL 34Hz-20kHz. 2000W Class-D amplifier 96kHz DSP and FIR filter",3035,2639.13,2030.1
LOUDSPEAKERS,DZR12-D,"2-way powered loudspeaker with a 2"" HF with rotatable horn and a 12"" LF driver. Max 139dB SPL 34Hz-20kHz. 2000W Class-D amplifier 96kHz DSP and FIR filter. Dante I/O 2in/2out with SRC allowing 48kHz device compatiblity",2975,2586.96,1989.97
LOUDSPEAKERS,DZR12,"2-way powered loudspeaker with a 2"" HF with rotatable horn and a 12"" LF driver. Max 139dB SPL 34Hz-19kHz. 2000W Class-D amplifier 96kHz DSP and FIR filter",2875,2500,1923.08
LOUDSPEAKERS,DZR10-D,"2-way powered loudspeaker with a 2"" HF with rotatable horn and a 10"" LF driver. Max 137dB SPL 34Hz-20kHz. 2000W Class-D amplifier 96kHz DSP and FIR filter. Dante I/O 2in/2out with SRC allowing 48kHz device compatiblity",2795,2430.43,1869.57
LOUDSPEAKERS,DZR10,"2-way powered loudspeaker with a 2"" HF with rotatable horn and a 10"" LF driver. Max 137dB SPL 34Hz-17kHz. 2000W Class-D amplifier 96kHz DSP and FIR filter",2650,2304.35,1772.58
LOUDSPEAKERS,DXS18XLF-D,"Dante-equipped powered bass-reflex type subwoofer with extended low frequency, producting a best-in class maximum SPL of 136dB SPL with superb clarity and power",4595,3995.65,2836.12
LOUDSPEAKERS,DXS18XLF,"Powered bass-reflex type subwoofer with extended low frequency, maximum SPL 136dB SPL superb clarity and power. 18"" subwoofer, 4"" Voice Coil. 30Hz-150Hz, 1600W Class-D amplifier. On-board DSP cardioid mode capability",4195,3647.83,2589.23
LOUDSPEAKERS,DXS15XLF-D,"Dante-equipped powered bass-reflex type subwoofer with extended low frequency, producting a best-in class maximum SPL of 136dB SPL with superb clarity and power",4295,3734.78,2650.96
LOUDSPEAKERS,DXS15XLF,"Powered bass-reflex type subwoofer with extended low frequency, maximum SPL 136dB SPL superb clarity and power. 15"" subwoofer, 4"" Voice Coil. 33Hz-150Hz, 1600W Class-D amplifier. On-board DSP cardioid mode capability",3895,3386.96,2404.07
LOUDSPEAKERS,DXS18,"Powered band-pass 18"" subwoofer max SPL 136dB 32Hz-120Hz, 4"" voice coil magnet driving the 18"" woofer, Class-D amplifier 1020W",3775,3282.61,2330
LOUDSPEAKERS,DXS15MKII,"Powered band-pass subwoofer max SPL 135dB 40Hz-150Hz, 2.5"" voice coil magnet driving the 15"" woofer, Class-D amplifier 1020W",2495,2169.57,1539.96
LOUDSPEAKERS,DXS12MKII,"Powered band-pass subwoofer max SPL 134dB 40Hz-150Hz, 2.5"" voice coil magnet driving the 12"" woofer, Class-D amplifier 1020W",2325,2021.74,1435.03
LOUDSPEAKERS ACCESSORIES,SPW-1,"Optional castor set for any of the above with rattle-free radial ball bearings. Note, padded canvas speaker covers for all models also available",245,213.04,151.22
LOUDSPEAKERS,VKE2010,"Durable loudspeaker system for installed sound application in entertainment facilities, with PA-style looks and sound quality. The VKE2010 features two-way bass reflex design, a 1.4"" compression driver for high frequencies, and a 10"" cone driver for low frequencies",1155,1004.35,772.58
LOUDSPEAKERS,VKE2012,"Durable loudspeaker system for installed sound application in entertainment facilities, with PA-style looks and sound quality. The VKE2012 features two-way bass reflex design, a 1.4"" compression driver for high frequencies, and a 12"" cone driver for low frequencies",1515,1317.39,1013.38
LOUDSPEAKERS,VKE2015,"Durable loudspeaker system for installed sound application in entertainment facilities, with PA-style looks and sound quality. The VKE2015 features two-way bass reflex design, a 1.4"" compression driver for high frequencies, and a 15"" cone driver for low frequencies",1815,1578.26,1214.05
LOUDSPEAKER ACCESSORIES,UB-DZR15H,U-bracket enabling horizontal rigging for DZR15/DZR15-D/CZR15,353,306.96,357.86
LOUDSPEAKER ACCESSORIES,UB-DZR12H,U-bracket enabling horizontal rigging for DZR12/DZR12-D/CZR12,455,395.65,304.35
LOUDSPEAKER ACCESSORIES,UB-DZR10H,U-bracket enabling horizontal rigging for DZR10/DZR10-D/CZR10,435,378.26,290.97
LOUDSPEAKER ACCESSORIES,UB-DZR15V,U-bracket enabling vertical rigging for DZR15/DZR15-D/CZR15,535,465.22,357.86
LOUDSPEAKER ACCESSORIES,UB-DZR12V,U-bracket enabling vertical rigging for DZR12/DZR12-D/CZR12,455,395.65,304.35
LOUDSPEAKER ACCESSORIES,UB-DZR10V,U-bracket enabling vertical rigging for DZR10/DZR10-D/CZR10,435,378.26,290.97
LOUDSPEAKER ACCESSORIES,SPCVR-DZR315,Padded speaker cover for DZR315/DZR315-D,305,265.22,188.25
LOUDSPEAKER ACCESSORIES,SPCVR-DZR15,Padded speaker cover for DZR15/DZR15-D/CZR15,210,182.61,129.62
LOUDSPEAKER ACCESSORIES,SPCVR-DZR12,Padded speaker cover for DZR12/DZR12-D/CZR12,195,169.57,120.36
LOUDSPEAKER ACCESSORIES,SPCVR-DZR10,Padded speaker cover for DZR10/DZR10-D/CZR10,175,152.17,108.01
LOUDSPEAKER ACCESSORIES,SPCVRDXS15XLF,Padded speaker cover for DXS15XLF/DXS15XLF-D/CXS15XLF,305,265.22,188.25
LOUDSPEAKER ACCESSORIES,SPCVRDXS18XLF,Padded speaker cover for DXS18XLF/DXS18XLF-D/CXS18XLF,385,334.78,237.63
LOUDSPEAKER ACCESSORIES,BWS20-190,Wall bracket pair suitable for VXS5/HS5i,420,365.22,259.23
LOUDSPEAKER ACCESSORIES,BWS251-300,Wall bracket for CBR/DBR/HS7i/HS8i (single),440,382.61,271.58
LOUDSPEAKER ACCESSORIES,BWS251-400,Wall bracket for CBR/DBR/HS7i/HS8i (single),495,430.43,305.52
LOUDSPEAKER ACCESSORIES,BCS251,Ceiling bracket suitable for CBR/DBR/HS_i (single),290,252.17,178.99
LOUDSPEAKER ACCESSORIES,BMS10A,Mic-stand adatpor for MG06/MG06X/MG10/MG10XU,89,77.39,54.93
